city,region,name,type,address,phone,lat,lng,tochka,sorts,updated
Минск,Минская область,«Точка»,Магазин,"Долгиновский тракт, 178 (павильон в ТЦ ""ALL"")",,53.964405,27.535803,да,,2026-10-02
Минск,Минская область,«Точка»,Магазин-бар,"пр-т. Дзержинского, 22",+375447975508,53.889161,27.519604,да,,2026-10-02
Минск,Минская область,«Точка»,Магазин-бар,"ул. Братская, 6а",+375296626244,53.870375,27.551798,да,,2026-10-02
Минск,Минская область,«Точка»,Магазин-бар,"ул. Олешева, 1",+375296716842,53.944544,27.608893,да,,2026-10-02
Минск,Минская область,«Точка»,Магазин-бар,"Бельского, 10",+375296243400,53.905867,27.480805,да,,2026-10-02
Минск,Минская область,«Точка»,Магазин-бар,"Е. Полоцкой, 5",+375291733032,53.906765,27.47354,да,,2026-10-02
Минск,Минская область,«Точка»,Магазин,"Лобанка, 26",+375293138422,53.89991,27.434111,да,,2026-10-02
Минск,Минская область,«Точка»,Магазин-бар,"Притыцкого, 89",+375296421842,53.905748,27.446415,да,,2026-10-02
Минск,Минская область,«Точка»,Магазин,"Сухаревская, 31 (павильон в ""ГИППО"")",+375447141447,53.887099,27.423146,да,,2026-10-02
Минск,Минская область,«Точка»,Магазин-бар,"Л. Беды, 26",+375291408022,53.935263,27.592908,да,,2026-10-02
Минск,Минская область,«Точка»,Магазин-бар,"пр-т. Независимости, 164",+375445853777,53.943925,27.686533,да,,2026-10-02
Минск,Минская область,«Точка»,Магазин-бар,"Воронянского, 40",+375296626231,53.877558,27.545484,да,,2026-10-02
Минск,Минская область,«Точка»,Магазин-бар,"пр-т Дзержинского, 94",+375445522313,53.865637,27.485754,да,,2026-10-02
Минск,Минская область,«Точка»,Магазин-бар,"Любимова, 17",+375293700098,53.859251,27.463002,да,,2026-10-02
Минск,Минская область,«Точка»,Магазин-бар,Игуменский тр-т 16,+375296611206,53.845036,27.56852,да,,2026-10-02
Минск,Минская область,«Точка»,Магазин-бар,"Матусевича, 72",+375296594900,53.918518,27.450411,да,,2026-10-02
Минск,Минская область,«Точка»,Магазин-бар,"проспект Победителей, 127",+375445842322,53.939897,27.467589,да,,2026-10-02
Минск,Минская область,«Точка»,Магазин-бар,"пр-т Дзержинского, 123",+375296290639,53.847928,27.477451,да,,2026-10-02
Минск,Минская область,«Точка»,Магазин-бар,"ул. Нововиленская, 41",+375296262703,53.935279,27.534304,да,,2026-10-02
Бобруйск,Могилевская область,«Точка»,Магазин-бар,"Интернациональная, 22",+375293858583,53.139832,29.222924,да,,2026-10-02
Лида,Гродненская область,«Точка»,Магазин,"Красноармейская, 106",+375291949456,53.892688,25.255053,да,,2026-10-02
Лида,Гродненская область,«Точка»,Магазин,"Советская, 35",+375291898948,53.896675,25.299499,да,,2026-10-02
Минск,Минская область,«Лавка разливного пива»,Магазин,"ул. Бурдейного, 15",,53.903999,27.454815,,,2026-10-02
Минск,Минская область,«Лавка разливного пива»,Магазин,"пр-т Независимости, 168, подземный переход метро Уручье",,53.944535,27.688435,,,2026-10-02
Минск,Минская область,«Лавка разливного пива»,Магазин,"пр-т Независимости, 130",,53.934542,27.652679,,,2026-10-02
Минск,Минская область,«Лавка разливного пива»,Магазин,"ул. Маяковского, 22/1",,53.88103,27.568287,,,2026-10-02
Минск,Минская область,«Сметана»,Бар,"пр-т Победителей 84, ТЦ Арена-сити, фудкорт",,53.937949,27.488638,,,2026-10-02
Минск,Минская область,«БэкДор»,Бар,"ул. Октябрьская, 16/4",,53.890617,27.568221,,,2026-10-02
Минск,Минская область,«Староместный пивовар»,Бар,"ул. К. Маркса, 21",,53.897228,27.555607,,,2026-10-02
Минск,Минская область,«Женская пивная»,Бар,"пр-т Независимости, д.95, корпус 16",,53.925799,27.616482,,,2026-10-02
Минск,Минская область,«Бургерлаб»,Бар,"ул. Октябрьская, 19",,53.891336,27.572102,,,2026-10-02
Минск,Минская область,«Spin bar»,Бар,"ул. Кальварийская, 21",,53.906171,27.527621,,,2026-10-02
Минск,Минская область,«American BBQ»,Бар,"Володько, 6",,53.881879,27.562408,,,2026-10-02
Минск,Минская область,«Качка»,Бар,"Толбухина, 4",,53.92698,27.613993,,,2026-10-02
Минск,Минская область,«Хмель»,Бар,"Толстого, 10",,53.888302,27.544314,,,2026-10-02
Минск,Минская область,«Груша»,Бар,"Дзержинского, 19",,53.886192,27.516137,,,2026-10-02
Минск,Минская область,«Пивоваров»,Магазин,"ул. Куйбышева, 69",,53.92096,27.57603,,,2026-10-02
Минск,Минская область,«Пивной клуб»,Магазин-бар,"пр-т Дзержинского, 122",,53.851447,27.47443,,,2026-10-02
Минск,Минская область,«Пиво Квафт»,Магазин-бар,"пр-т Дзержинского, 122",,53.851447,27.47443,,,2026-10-02
Минск,Минская область,«Пинта»,Магазин,"ул. Руссиянова, 7",,53.938575,27.685865,,,2026-10-02
Минск,Минская область,«Пинта»,Магазин-бар,"ул. Жилуновича, 4",,53.876503,27.630275,,,2026-10-02
Минск,Минская область,«Пятнiца»,Магазин,"ул. Жилуновича, 31",,53.871889,27.628955,,,2026-10-02
Минск,Минская область,«Пятнiца»,Магазин,"ул. Пономарёва, 4",,53.945868,27.707409,,,2026-10-02
Минск,Минская область,«Пятнiца»,Магазин,"ул. Голодеда, 21/1",,53.847909,27.654532,,,2026-10-02
Минск,Минская область,«Пятнiца»,Магазин,"ул. Корженевского, 25",,53.846494,27.500823,,,2026-10-02
Минск,Минская область,«Пятнiца»,Магазин,"ул. Шугаева, 19/3",,53.942476,27.68342,,,2026-10-02
Минск,Минская область,«Пятнiца»,Магазин,"ул. Острошицкая, 6",,53.950861,27.69241,,,2026-10-02
Минск,Минская область,«Братья крафт»,Магазин,"ул. Одинцова, 22В",,53.900509,27.446033,,,2026-10-02
Минск,Минская область,«Братья крафт»,Магазин,"ул. Дунина-Марцинкевича, 10",,53.906195,27.495169,,,2026-10-02
Минск,Минская область,«Братья крафт»,Магазин,"ул. Московская, 7",,53.889179,27.539762,,,2026-10-02
Минск,Минская область,«Братья крафт»,Магазин,"ул. Макаёнка, 11",,53.921511,27.628394,,,2026-10-02
Минск,Минская область,«LiveBeer»,Магазин,"ул. Маршала Лосика, 31",,53.873647,27.441961,,,2026-10-02
Минск,Минская область,«LiveBeer»,Магазин,"ул. Уманская, 54",,53.874678,27.498547,,,2026-10-02
Минск,Минская область,«BeerSoul»,Магазин,"пр-т Победителей, 135",,53.943288,27.461231,,,2026-10-02
Минск,Минская область,«BeerSoul»,Магазин,"ул. Скрыганова, 4а",,53.91026,27.517777,,,2026-10-02
Валерьяново,Минская область,«BeerSoul»,Магазин,"ул. Логойская, 5а",,53.969426,27.648114,,,2026-10-02
Минск,Минская область,«Пивная кегля»,Магазин,"ул. Сурганова, 40",,53.927214,27.591997,,,2026-10-02
Минск,Минская область,«Пивная кегля»,Магазин,"ул. Сухаревская, 8",,53.884362,27.439931,,,2026-10-02
Фаниполь,Минская область,«Пивная №2»,Магазин,"ул. Зелёная, 2Г",,53.752872,27.333809,,,2026-10-02
Жодино,Минская область,«Банка в Жодино»,Магазин,"ул. 8 Марта, 9, пав. 4",,54.090243,28.299537,,,2026-10-02
Борисов,Минская область,«Ирландский паб»,Бар,"ул. Ватутина, 32А",,54.222694,28.488412,,,2026-10-02
Борисов,Минская область,«Твой Пивной»,Магазин-бар,"ул. Гагарина, 87",,54.214948,28.489654,,,2026-10-02
Борисов,Минская область,«Твой Пивной»,Магазин-бар,"ул. Горького, 102",,54.217928,28.49975,,,2026-10-02
Жодино,Минская область,«Твой Пивной»,Магазин-бар,"ул. Сырокваша, 5",,54.095542,28.321837,,,2026-10-02
Боровляны,Минская область,«Пинта»,Магазин,"ул. Малиновская, 2",,54.001428,27.660749,,,2026-10-02
Лесной,Минская область,«Пинта»,Магазин-бар,"ул. Александрова, 10",,54.012024,27.680587,,,2026-10-02
Марьина Горка,Минская область,«МРП»,Магазин,"ул. Новая Заря, 25Б",,53.504841,28.167078,,,2026-10-02
Дружный,Минская область,«МРП»,Магазин,"ул. Чепика, 9",,53.619282,27.895496,,,2026-10-02
Новополоцк,Витебская область,«Магазин живого пива»,Магазин,"ул. Молодежная, 148В",,55.525128,28.673607,,,2026-10-02
Полоцк,Витебская область,«Grand Pub»,Бар,"пр. Ф. Скорины, д.3 к .1",,55.48574,28.770206,,,2026-10-02
Могилёв,Могилевская область,«БУНКЕР»,Магазин-бар,"ул. Первомайская, 160",,53.941019,30.330667,,,2026-10-02
Могилёв,Могилевская область,«БУНКЕР»,Магазин-бар,"ул. Крыленко, 12/1",,53.906863,30.33812,,,2026-10-02
Могилёв,Могилевская область,«МРП»,Магазин,"ул. Пысина, 9",,53.911831,30.281835,,,2026-10-02
Могилёв,Могилевская область,«Леопольд»,Бар,"Пушкинский пр-т, 22",,53.875327,30.34279,,,2026-10-02
Гродно,Гродненская область,«Humulus»,Магазин,"ул. Гагарина, 41",,53.672625,23.808133,,,2026-10-02
Гродно,Гродненская область,«Литровик»,Магазин,"пр-т Космонавтов, 27",,53.675891,23.845551,,,2026-10-02
Гродно,Гродненская область,«Литровик»,Магазин,"мини-рынок ""Фолюш""",,53.68346,23.834265,,,2026-10-02
Гродно,Гродненская область,«Смокоф Маркет»,Магазин,"ул. Лиможа, 32Б (Супермаркет ""Алми"", 1 этаж)",,53.711424,23.848749,,,2026-10-02
Гродно,Гродненская область,«Смокоф Маркет»,Магазин,"пр-т Космонавтов, 11 (остановка «Автовокзал»)",,53.676118,23.843427,,,2026-10-02
Гродно,Гродненская область,«Смокоф Маркет»,Магазин,"пр-т Янки Купалы, 87 (ТЦ «Triniti», 3 этаж)",,53.650134,23.854952,,,2026-10-02
Гродно,Гродненская область,«Смокоф Маркет»,Магазин,"ул. Калючинская, 21 (ТЦ «Палац»)",,53.679507,23.830998,,,2026-10-02
Гродно,Гродненская область,«Харат'с»,Бар,"ул. Карла Маркса, 24",,53.677549,23.836193,,,2026-10-02
Гродно,Гродненская область,«ПиффКо»,Магазин,"ул. Суворова, 318",,53.645629,23.778556,,,2026-10-02
Гродно,Гродненская область,«ПиффКо»,Магазин,"Индурское шоссе, 6",,53.644937,23.841689,,,2026-10-02
Гродно,Гродненская область,«ПиффКо»,Магазин,"ул. Горького, 59",,53.694009,23.823866,,,2026-10-02
Гродно,Гродненская область,«Гости»,Бар,"ул. Замковая, 3",,53.678506,23.82776,,,2026-10-02
Брест,Брестская область,«BIG FAMILY»,Бар,"ул. Карбышева, 28",,52.098087,23.693151,,,2026-10-02
Брест,Брестская область,«ZaПив.com»,Магазин,"ул. Сябровская, 61/1",,52.065914,23.726966,,,2026-10-02
Брест,Брестская область,«ZaПив.com»,Магазин,"ул. Янки Купалы, 8А-2 с 12",,52.101046,23.729785,,,2026-10-02
Брест,Брестская область,«Заправка»,Магазин,"ул. Сябровская, д. 76",,52.065386,23.725437,,,2026-10-02
Брест,Брестская область,«Заправка»,Магазин,"ул. Волгоградская, 11/1",,52.075314,23.755521,,,2026-10-02
Брест,Брестская область,«Пивная точка»,Магазин,"ул. Волгоградская, 2",,52.071845,23.755103,,,2026-10-02
Брест,Брестская область,«КрафТер»,Магазин,"ул. Октябрьской революции, 45",,52.081776,23.758537,,,2026-10-02
Брест,Брестская область,«КрафТер»,Магазин,"пр. Машерова, 63 - 54",,52.088755,23.71028,,,2026-10-02
Брест,Брестская область,«КрафТер»,Магазин,"ул. Киевская, 99",,52.107058,23.732456,,,2026-10-02
Брест,Брестская область,«КрафТер»,Магазин,"ул. Фомина, 29 - 76",,52.08728,23.673615,,,2026-10-02
Брест,Брестская область,«КрафТер»,Магазин,"ул. МОПРа, 1-2",,52.088098,23.708347,,,2026-10-02
Брест,Брестская область,«КрафТер»,Магазин,"ул. Лейтенанта Рябцева, 37К-3",,52.130663,23.677465,,,2026-10-02
Брест,Брестская область,«Пивкофф»,Магазин,"ул. Мошенского, д.31, корп.1, пав. 1",,52.110335,23.722597,,,2026-10-02
Брест,Брестская область,«Пивкофф»,Магазин,"б-р Космонавтов, 49",,52.095893,23.697352,,,2026-10-02
Брест,Брестская область,«Пивкофф»,Магазин,"ул. Жукова, 2",,52.060194,23.730155,,,2026-10-02
Брест,Брестская область,«Пивкофф»,Магазин,"ул. Адамковская, 45/1",,52.103024,23.654781,,,2026-10-02
Брест,Брестская область,«Пивкофф»,Магазин,"ул. Махновича, 24",,52.069761,23.703546,,,2026-10-02
Брест,Брестская область,«Пивкофф»,Магазин,"ул. Дубровская, 5",,52.124733,23.656154,,,2026-10-02
Брест,Брестская область,«Пивкофф»,Магазин,"ул. Волгоградская, 1",,52.075314,23.755521,,,2026-10-02
Брест,Брестская область,«Пивкофф»,Магазин,ул. Лейтенанта Рябцева 33Б,,52.125754,23.675968,,,2026-10-02
Брест,Брестская область,«Пивной карась»,Магазин,ул. Стафеева 31а,,52.100914,23.784243,,,2026-10-02
Брест,Брестская область,«Солома»,Магазин,"ул. Войкова, 81",,52.100765,23.723359,,,2026-10-02
Брест,Брестская область,«Территория»,Бар,"ул. Советская, 62",,52.090834,23.694686,,,2026-10-02
Речица,Гомельская область,МРП,Магазин,"ул. Советская, 43-/10",,52.369685,30.392877,,,2026-10-02
Мозырь,Гомельская область,«Живое пиво»,Магазин,"б-р Малининина, 1А",,52.027344,29.214141,,,2026-10-02
Мозырь,Гомельская область,«МРП»,Магазин,"мини-рынок ""Натали"" (пав. 60)",,52.049453,29.267626,,,2026-10-02
Гомель,Гомельская область,«Баклажка»,Магазин,"ул. Советская, 4",,52.455732,30.993043,,,2026-10-02
Гомель,Гомельская область,«Барон»,Магазин-бар,"ул. Мазурова, 117Г",,52.456615,31.025833,,,2026-10-02
Гомель,Гомельская область,«Барон»,Магазин-бар,"ул. Б. Хмельницкого, 90",,52.409311,30.9736,,,2026-10-02
Гомель,Гомельская область,«Барон»,Магазин-бар,"ул. Ильича, 59",,52.387844,31.02907,,,2026-10-02
Гомель,Гомельская область,«Барон»,Магазин-бар,"Речицкий проспект, 105",,52.407149,30.921888,,,2026-10-02
Гомель,Гомельская область,«Барон»,Магазин-бар,"ул. Студенческая, 4",,52.406719,30.93608,,,2026-10-02
Гомель,Гомельская область,«Барон»,Магазин-бар,"ул. Фадеева, 2",,52.458376,30.970866,,,2026-10-02
Гомель,Гомельская область,«Барон»,Магазин-бар,"ул. Хатаевича, 69/1",,52.444224,31.019309,,,2026-10-02
Гомель,Гомельская область,«БирМаг»,Магазин,"ул. Рогачёвская, 5А",,52.438436,31.003302,,,2026-10-02
Гомель,Гомельская область,«Пивоман»,Магазин,"ул. Ильича, 26",,52.392089,31.030326,,,2026-10-02
Гомель,Гомельская область,«БирЛинь»,Магазин,"ул. Чечерская, 1Б",,52.462931,31.037364,,,2026-10-02
Гомель,Гомельская область,«ЦЕНТР»,Магазин,"ул. Виноградная, 12",,52.490179,30.994606,,,2026-10-02
Гомель,Гомельская область,«Пробки»,Магазин,"ул. Оськина, 41",,52.35552,31.052131,,,2026-10-02
Гомель,Гомельская область,«Пробки»,Магазин,"ул. Советская, 97/3",,52.447616,30.998082,,,2026-10-02
Гомель,Гомельская область,«Пробки»,Магазин,"ул. Барыкина, 74",,52.416964,30.989086,,,2026-10-02
Гомель,Гомельская область,«Весёлый Патрик»,Бар,"ул. Барыкина, 127А",,52.419834,30.975886,,,2026-10-02
Гомель,Гомельская область,«Бирхаус»,Магазин,"ул. В.А. Белого, 11",,52.364432,31.019691,,,2026-10-02
Гомель,Гомельская область,«Бирхаус»,Магазин,"ул. Карбышева, 9",,52.406487,30.964093,,,2026-10-02
Жлобин,Гомельская область,Магазин пива,Магазин,"ул. Карла Маркса, 2",,52.907932,30.048837,,,2026-10-02
Жлобин,Гомельская область,Магазин пива,Магазин,"ул. Карла Маркса, 52",,52.906759,30.051873,,,2026-10-02
